{
    "images": [
        {
            "id": 1,
            "width": 1853,
            "height": 1356,
            "file_name": "jj5.jpg",
            "date_captured": "2020-12-03 18:20:40"
        }
    ],
    "annotations": [
        {
            "id": 1,
            "image_id": 1,
            "text": "발달",
            "bbox": [
                209,
                89,
                93,
                64
            ]
        }
    ],
    "cropLabels": [],
    "info": {
        "name": "1",
        "description": "",
        "date_created": "2020-12-07 11:00:03"
    }
}